Feature,Description
24-48h Turnaround,Fast professional appraisals
USPAP Compliant,Meets all legal standards
From $59/Item,Affordable expert service
IRS & Insurance Ready,Accepted by institutions
Certified Experts,Professional appraisers
100% Money Back,Satisfaction guaranteed
Online Process,Easy digital submission
Secure & Private,Confidential service
Free AI Analysis,Try before you buy
Global Coverage,International expertise
5-Star Service,Top-rated appraisers
Detailed Reports,Comprehensive analysis